{"cameraMode":{"drawMode":0,"name":"Shaded","section":"Shading Mode"},"sceneLighting":true,"audioPlay":false,"sceneViewState":{"m_AlwaysRefresh":false,"showFog":true,"showSkybox":true,"showFlares":true,"showImageEffects":true,"showParticleSystems":true,"showVisualEffectGraphs":true,"m_FxEnabled":true},"in2DMode":false,"pivot":{"x":-9.36001205444336,"y":0.5796037912368774,"z":-6.065848350524902},"rotation":{"x":-0.036283064633607867,"y":0.032070454210042956,"z":-0.001165067427791655,"w":-0.998826265335083},"size":2.8399975299835207,"orthographic":false}