{"cameraMode":{"drawMode":0,"name":"Shaded","section":"Shading Mode"},"sceneLighting":false,"audioPlay":false,"sceneViewState":{"showFog":true,"showMaterialUpdate":true,"showSkybox":true,"showFlares":true,"showImageEffects":true,"showParticleSystems":true},"in2DMode":false,"pivot":{"x":0.0,"y":0.4716411828994751,"z":-3.9663023948669435},"rotation":{"x":0.5089361071586609,"y":0.13818791508674622,"z":-0.08317432552576065,"w":0.8455591201782227},"size":16.363826751708986,"orthographic":false}