{"cameraMode":{"drawMode":0,"name":"Shaded","section":"Shading Mode"},"sceneLighting":true,"audioPlay":false,"sceneViewState":{"showFog":true,"showMaterialUpdate":true,"showSkybox":true,"showFlares":true,"showImageEffects":true,"showParticleSystems":true},"in2DMode":false,"pivot":{"x":0.06500005722045899,"y":0.5260000228881836,"z":0.17600005865097047},"rotation":{"x":0.17757189273834229,"y":0.8057318925857544,"z":-0.2980565130710602,"w":0.4800278842449188},"size":11.883081436157227,"orthographic":false}