{"cameraMode":{"drawMode":0,"name":"Shaded","section":"Shading Mode"},"sceneLighting":true,"audioPlay":false,"sceneViewState":{"showFog":true,"showMaterialUpdate":true,"showSkybox":true,"showFlares":true,"showImageEffects":true,"showParticleSystems":true},"in2DMode":false,"pivot":{"x":0.20179200172424317,"y":1.376561164855957,"z":1.4394292831420899},"rotation":{"x":0.1789795458316803,"y":0.6082515120506287,"z":-0.1432584673166275,"w":0.7599167823791504},"size":20.005186080932618,"orthographic":false}