{"cameraMode":{"drawMode":0,"name":"Shaded","section":"Shading Mode"},"sceneLighting":false,"audioPlay":false,"sceneViewState":{"showFog":true,"showMaterialUpdate":true,"showSkybox":true,"showFlares":true,"showImageEffects":true,"showParticleSystems":true},"in2DMode":false,"pivot":{"x":3.38100004196167,"y":1.6200001239776612,"z":-6.667799949645996},"rotation":{"x":0.5089361071586609,"y":0.13818791508674622,"z":-0.08317432552576065,"w":0.8455591201782227},"size":9.79649829864502,"orthographic":false}